"Taxon","lna","b","R-square"
"Lethenteron sp.",-10.924,3.758,0.894
"Anguilla japonica",-6.985,2.909,0.982
"Carassius sp",-7.647,3.247,0.992
"Cyprinus carpio",-7.542,3.117,0.996
"Rhodeus ocellatus",-7.198,3.461,0.893
"Tanakia limbata",-7.962,3.673,0.958
"Hemibarbus barbus",-7.1,2.932,0.977
"Abbottina rivularis",-7.057,3.082,0.984
"Biwia zezera",-6.447,2.909,0.892
"Pseudogobio esocinus",-7.453,2.937,0.989
"Squalidus chankaensis",-8.139,3.513,0.957
"Squalidus gracilis",-5.134,2.284,0.835
"Sarcocheilichthys variegatus",-6.595,3.098,0.976
"Pseudorasbora parva",-8.268,3.617,0.988
"Pungtungia herzi",-7.472,3.22,0.974
"Nipponocypris sieboldii",-8.964,3.766,0.984
"Nipponocypris temminckii",-7.044,3.022,0.934
"Opsariichthys platypus",-7.644,3.164,0.982
"Opsariichthys uncirostris",-6.75,2.924,0.963
"Rhynchocypris lagowskii",-6.81,2.902,0.945
"Rhynchocypris oxycephalus",-7.381,3.124,0.987
"Tribolodon hakonensis",-7.116,2.963,0.995
"Misgurnus sp.",-7.171,3.276,0.97
"Cobitis biwae",-7.093,3.116,0.915
"Cobitis sp",-6.992,3.025,0.981
"Niwaella delicata",-6.156,2.926,0.842
"Lefua echigonia",-8.612,4.094,0.981
"Barbatula barbatula",-8.735,3.764,0.97
"Silurus asotus",-5.717,2.583,0.951
"Tachysurus nudiceps",-6.527,2.847,0.983
"Tachysurus tokiensis",-6.963,3.043,0.987
"Liobagrus reinii",-7.485,3.253,0.991
"Salvelinus leucomaenis",-7.872,3.34,0.985
"Oncorhynchus masou",-7.76,3.292,0.956
"Plecoglossus altivelis",-9.943,4.041,0.97
"Pungitius sp.",-8.164,3.209,0.951
"Pungitius tymensis",-8.564,3.448,0.963
"Monopterus albus",-5.999,2.872,0.964
"Mugil cephalus",-7.32,3.061,0.946
"Oryzias latipes",-6.435,3.326,0.907
"Gambusia affinis",-6.207,2.648,0.966
"Odontobutis obscura",-6.831,2.827,0.988
"Eleotris oxycephala",-7.54,3.065,0.993
"Acanthogobius flavimanus",-6.502,2.666,0.989
"Gymnogobius urotaenia",-6.938,2.799,0.985
"Gymnogobius sp.",-6.648,2.739,0.838
"Tridentiger brevispinis",-6.134,2.651,0.974
"Rhinogobius flumineus",-6.183,2.589,0.888
"Rhinogobius giurinus",-6.398,2.698,0.952
"Rhinogobius nagoyae",-6.124,2.579,0.827
"Sicyopterus japonicus",-7.169,3.303,0.925
"Lepomis macrochirus",-7.678,3.228,0.966
"Micropterus nigricans",-8.037,3.166,0.982
"Coreoperca kawamebari",-8.439,3.387,0.993
"Cottus nozawae",-7.075,2.972,0.982
"Cottus pollux",-7.593,3.148,0.992
"Rheopresbe kazika",-9.039,3.42,0.984
"Oreochromis niloticus",-7.362,2.971,0.957
