"Taxon","lna","b","R-square"
"Lethenteron sp.",-13.543,4.014,0.803
"Anguilla japonica",-8.649,2.989,0.977
"Carassius sp",-9.794,3.473,0.986
"Cyprinus carpio",-9.525,3.212,0.996
"Acheilognathus rhombeus",-9.197,3.61,0.804
"Rhodeus ocellatus",-8.949,3.626,0.877
"Tanakia limbata",-8.425,3.29,0.941
"Hemibarbus barbus",-9.114,3.089,0.968
"Abbottina rivularis",-8.708,3.167,0.963
"Biwia zezera",-8.513,3.157,0.861
"Pseudogobio esocinus",-9.151,2.982,0.987
"Squalidus chankaensis",-9.905,3.596,0.951
"Squalidus gracilis",-6.728,2.312,0.921
"Sarcocheilichthys variegatus",-8.13,3.159,0.948
"Pseudorasbora parva",-10.124,3.799,0.983
"Pungtungia herzi",-8.875,3.268,0.981
"Nipponocypris sieboldii",-12.445,4.481,0.979
"Nipponocypris temminckii",-8.57,3.025,0.911
"Opsariichthys platypus",-9.532,3.317,0.966
"Opsariichthys uncirostris",-8.187,2.923,0.916
"Rhynchocypris lagowskii",-8.609,3.031,0.962
"Rhynchocypris oxycephalus",-8.626,3.019,0.983
"Tribolodon hakonensis",-9.146,3.114,0.992
"Misgurnus sp.",-8.254,3.156,0.959
"Cobitis biwae",-8.975,3.288,0.893
"Cobitis sp",-8.345,2.965,0.971
"Lefua echigonia",-9.907,4.132,0.963
"Barbatula barbatula",-11.353,4.13,0.969
"Silurus asotus",-8.454,2.896,0.978
"Tachysurus nudiceps",-8.591,3.031,0.974
"Tachysurus tokiensis",-9.057,3.182,0.982
"Liobagrus reinii",-9.434,3.411,0.988
"Salvelinus leucomaenis",-10.488,3.628,0.98
"Oncorhynchus masou",-10.81,3.745,0.948
"Plecoglossus altivelis",-13,4.493,0.962
"Pungitius sp.",-11.131,3.817,0.939
"Pungitius tymensis",-10.357,3.519,0.946
"Monopterus albus",-7.498,2.888,0.956
"Mugil cephalus",-9.315,3.152,0.975
"Oryzias latipes",-8.417,3.659,0.895
"Gambusia affinis",-7.802,2.797,0.963
"Odontobutis obscura",-8.709,2.934,0.975
"Eleotris oxycephala",-8.957,3.046,0.992
"Acanthogobius flavimanus",-8.786,2.895,0.99
"Gymnogobius urotaenia",-8.949,2.95,0.982
"Gymnogobius sp.",-8.355,2.763,0.85
"Tridentiger brevispinis",-7.593,2.649,0.968
"Rhinogobius flumineus",-7.689,2.618,0.873
"Rhinogobius giurinus",-8.185,2.864,0.932
"Sicyopterus japonicus",-7.989,3.052,0.928
"Lepomis macrochirus",-9.232,3.277,0.97
"Micropterus nigricans",-10.091,3.33,0.978
"Coreoperca kawamebari",-10.063,3.487,0.99
"Cottus nozawae",-8.641,2.953,0.974
"Cottus pollux",-9.418,3.303,0.99
"Rheopresbe kazika",-10.997,3.595,0.983
"Oreochromis niloticus",-9.363,3.155,0.942
