"Taxon","Order","Family","Genus","N","Range of standard length (mm)","Determination"
"Lethenteron sp.","Petromyzontiformes","Petromyzontidae","Lethenteron",9,"57.4-116.0","SL→DW, SL→WW, HL→DW, HL→WW, WW→DW"
"Anguilla japonica","Anguilliformes","Anguillidae","Anguilla",9,"203.8-417.9","SL→DW, SL→WW, HL→DW, HL→WW, WW→DW"
"Barbatula barbatula","Cypriniformes","Balitoridae","Barbatula",19,"31.1-110.1","SL→DW, SL→WW, HL→DW, HL→WW, CD→DW, CD→WW, WW→DW"
"Lefua echigonia","Cypriniformes","Balitoridae","Lefua",12,"17.1-48.9","SL→DW, SL→WW, HL→DW, HL→WW, CD→DW, CD→WW, WW→DW"
"Cobitis biwae","Cypriniformes","Cobitidae","Cobitis",20,"59.6-88.5","SL→DW, SL→WW, HL→DW, HL→WW, WW→DW"
"Cobitis sp","Cypriniformes","Cobitidae","Cobitis",30,"22.0-61.5","SL→DW, SL→WW, HL→DW, HL→WW, CD→DW, CD→WW, WW→DW"
"Misgurnus sp.","Cypriniformes","Cobitidae","Misgurnus",18,"41.3-161.0","SL→DW, SL→WW, HL→DW, HL→WW, CD→DW, CD→WW, WW→DW"
"Niwaella delicata","Cypriniformes","Cobitidae","Niwaella",22,"54.4-88.2","SL→DW, SL→WW, HL→WW, WW→DW"
"Abbottina rivularis","Cypriniformes","Cyprinidae","Abbottina",18,"28.5-92.1","SL→DW, SL→WW, HL→DW, HL→WW, CD→DW, CD→WW, WW→DW"
"Acheilognathus rhombeus","Cypriniformes","Cyprinidae","Acheilognathus",14,"40.1-73.9","SL→DW, SL→WW, HL→DW, CD→DW, CD→WW, WW→DW"
"Biwia zezera","Cypriniformes","Cyprinidae","Biwia",16,"40.4-56.0","SL→DW, SL→WW, HL→DW, HL→WW, WW→DW"
"Carassius cuvieri","Cypriniformes","Cyprinidae","Carassius",1,"94.7-94.7",""
"Carassius sp","Cypriniformes","Cyprinidae","Carassius",15,"23.5-122.5","SL→DW, SL→WW, HL→DW, HL→WW, CD→DW, CD→WW, WW→DW"
"Cyprinus carpio","Cypriniformes","Cyprinidae","Cyprinus",13,"26.2-141.3","SL→DW, SL→WW, HL→DW, HL→WW, CD→DW, CD→WW, WW→DW"
"Gnathopogon elongatus","Cypriniformes","Cyprinidae","Gnathopogon",16,"59.3-86.0","SL→DW, SL→WW, WW→DW"
"Hemibarbus barbus","Cypriniformes","Cyprinidae","Hemibarbus",16,"24.9-148.0","SL→DW, SL→WW, HL→DW, HL→WW, CD→DW, CD→WW, WW→DW"
"Hemibarbus longirostris","Cypriniformes","Cyprinidae","Hemibarbus",4,"46.9-114.0",""
"Nipponocypris sieboldii","Cypriniformes","Cyprinidae","Nipponocypris",9,"48.5-87.0","SL→DW, SL→WW, HL→DW, HL→WW, CD→DW, CD→WW, WW→DW"
"Nipponocypris temminckii","Cypriniformes","Cyprinidae","Nipponocypris",26,"47.5-115.8","SL→DW, SL→WW, HL→DW, HL→WW, CD→DW, CD→WW, WW→DW"
"Opsariichthys platypus","Cypriniformes","Cyprinidae","Opsariichthys",27,"36.9-111.6","SL→DW, SL→WW, HL→DW, HL→WW, CD→DW, CD→WW, WW→DW"
"Opsariichthys uncirostris","Cypriniformes","Cyprinidae","Opsariichthys",20,"134.3-247.0","SL→DW, SL→WW, HL→DW, HL→WW, CD→DW, CD→WW, WW→DW"
"Pseudogobio esocinus","Cypriniformes","Cyprinidae","Pseudogobio",18,"30.8-137.7","SL→DW, SL→WW, HL→DW, HL→WW, CD→DW, CD→WW, WW→DW"
"Pseudorasbora parva","Cypriniformes","Cyprinidae","Pseudorasbora",16,"25.5-85.0","SL→DW, SL→WW, HL→DW, HL→WW, CD→DW, CD→WW, WW→DW"
"Pungtungia herzi","Cypriniformes","Cyprinidae","Pungtungia",14,"22.0-101.6","SL→DW, SL→WW, HL→DW, HL→WW, CD→DW, CD→WW, WW→DW"
"Rhodeus ocellatus","Cypriniformes","Cyprinidae","Rhodeus",17,"23.5-47.6","SL→DW, SL→WW, HL→DW, HL→WW, CD→DW, CD→WW, WW→DW"
"Rhynchocypris lagowskii","Cypriniformes","Cyprinidae","Rhynchocypris",9,"30.4-74.9","SL→DW, SL→WW, HL→DW, HL→WW, CD→DW, CD→WW, WW→DW"
"Rhynchocypris oxycephalus","Cypriniformes","Cyprinidae","Rhynchocypris",23,"29.4-96.9","SL→DW, SL→WW, HL→DW, HL→WW, CD→DW, CD→WW, WW→DW"
"Sarcocheilichthys variegatus","Cypriniformes","Cyprinidae","Sarcocheilichthys",12,"47.0-102.7","SL→DW, SL→WW, HL→DW, HL→WW, CD→DW, CD→WW, WW→DW"
"Squalidus chankaensis","Cypriniformes","Cyprinidae","Squalidus",23,"35.0-94.5","SL→DW, SL→WW, HL→DW, HL→WW, CD→DW, CD→WW, WW→DW"
"Squalidus gracilis","Cypriniformes","Cyprinidae","Squalidus",12,"45.0-59.2","SL→DW, SL→WW, HL→DW, HL→WW, WW→DW"
"Tanakia lanceolata","Cypriniformes","Cyprinidae","Tanakia",2,"23.5-25.6",""
"Tanakia limbata","Cypriniformes","Cyprinidae","Tanakia",18,"19.5-41.0","SL→DW, SL→WW, HL→DW, HL→WW, CD→DW, CD→WW, WW→DW"
"Tribolodon hakonensis","Cypriniformes","Cyprinidae","Tribolodon",13,"38.6-165.1","SL→DW, SL→WW, HL→DW, HL→WW, CD→DW, CD→WW, WW→DW"
"Liobagrus reinii","Siluriformes","Amblycipitidae","Liobagrus",23,"39.9-94.9","SL→DW, SL→WW, HL→DW, HL→WW, CD→DW, CD→WW, WW→DW"
"Tachysurus nudiceps","Siluriformes","Bagridae","Tachysurus",12,"31.9-130.0","SL→DW, SL→WW, HL→DW, HL→WW, CD→DW, CD→WW, WW→DW"
"Tachysurus tokiensis","Siluriformes","Bagridae","Tachysurus",12,"31.9-94.0","SL→DW, SL→WW, HL→DW, HL→WW, CD→DW, CD→WW, WW→DW"
"Silurus asotus","Siluriformes","Siluridae","Silurus",13,"43.2-210.2","SL→DW, SL→WW, HL→DW, HL→WW, CD→DW, CD→WW, WW→DW"
"Oncorhynchus masou","Salmoniformes","Salmonidae","Oncorhynchus",13,"49.4-109.6","SL→DW, SL→WW, HL→DW, HL→WW, CD→DW, CD→WW, WW→DW"
"Salvelinus leucomaenis","Salmoniformes","Salmonidae","Salvelinus",20,"42.0-110.9","SL→DW, SL→WW, HL→DW, HL→WW, CD→DW, CD→WW, WW→DW"
"Plecoglossus altivelis","Osmeriformes","Osmeridae","Plecoglossus",15,"47.4-154.0","SL→DW, SL→WW, HL→DW, HL→WW, CD→DW, CD→WW, WW→DW"
"Gasterosteus sp.","Gasterosteiformes","Gasterosteidae","Gasterosteus",10,"22.0-25.7",", SL→WW, WW→DW"
"Pungitius sp.","Gasterosteiformes","Gasterosteidae","Pungitius",20,"19.7-47.5","SL→DW, SL→WW, HL→DW, HL→WW, WW→DW"
"Pungitius tymensis","Gasterosteiformes","Gasterosteidae","Pungitius",26,"17.0-55.6","SL→DW, SL→WW, HL→DW, HL→WW, CD→DW, CD→WW, WW→DW"
"Monopterus albus","Synbranchiformes","Synbranchidae","Monopterus",11,"174.0-614.0","SL→DW, SL→WW, HL→DW, HL→WW, WW→DW"
"Chelon affinis","Mugiliformes","Mugilidae","Chelon",2,"41.2-57.9",""
"Mugil cephalus","Mugiliformes","Mugilidae","Mugil",21,"46.2-114.2","SL→DW, SL→WW, HL→DW, HL→WW, CD→DW, CD→WW, WW→DW"
"Oryzias latipes","Beloniformes","Adrianichthyidae","Oryzias",21,"10.9-22.2","SL→DW, SL→WW, HL→DW, HL→WW, CD→DW, CD→WW, WW→DW"
"Gambusia affinis","Cyprinodontiformes","Poeciliidae","Gambusia",30,"11.8-32.3","SL→DW, SL→WW, HL→DW, HL→WW, CD→DW, CD→WW, WW→DW"
"Lepomis macrochirus","Perciformes","Centrarchidae","Lepomis",12,"43.2-123.4","SL→DW, SL→WW, HL→DW, HL→WW, CD→DW, CD→WW, WW→DW"
"Micropterus nigricans","Perciformes","Centrarchidae","Micropterus",17,"31.9-224.0","SL→DW, SL→WW, HL→DW, HL→WW, CD→DW, CD→WW, WW→DW"
"Channa argus","Perciformes","Channidae","Channa",3,"99.2-176.9",""
"Cottus nozawae","Perciformes","Cottidae","Cottus",14,"38.2-103.1","SL→DW, SL→WW, HL→DW, HL→WW, CD→DW, CD→WW, WW→DW"
"Cottus pollux","Perciformes","Cottidae","Cottus",21,"24.0-118.9","SL→DW, SL→WW, HL→DW, HL→WW, CD→DW, CD→WW, WW→DW"
"Rheopresbe kazika","Perciformes","Cottidae","Rheopresbe",16,"32.5-66.3","SL→DW, SL→WW, HL→DW, HL→WW, CD→DW, CD→WW, WW→DW"
"Eleotris oxycephala","Perciformes","Eleotridae","Eleotris",12,"42.4-156.6","SL→DW, SL→WW, HL→DW, HL→WW, CD→DW, CD→WW, WW→DW"
"Acanthogobius flavimanus","Perciformes","Gobiidae","Acanthogobius",15,"34.4-112.6","SL→DW, SL→WW, HL→DW, HL→WW, CD→DW, CD→WW, WW→DW"
"Gymnogobius castaneus","Perciformes","Gobiidae","Gymnogobius",3,"21.9-50.7",""
"Gymnogobius petschiliensis","Perciformes","Gobiidae","Gymnogobius",5,"39.9-79.3",""
"Gymnogobius sp.","Perciformes","Gobiidae","Gymnogobius",11,"34.7-45.5","SL→DW, SL→WW, HL→DW, HL→WW, WW→DW"
"Gymnogobius urotaenia","Perciformes","Gobiidae","Gymnogobius",15,"25.0-85.2","SL→DW, SL→WW, HL→DW, HL→WW, CD→DW, CD→WW, WW→DW"
"Luciogobius guttatus","Perciformes","Gobiidae","Luciogobius",2,"44.9-48.0",""
"Rhinogobius brunneus","Perciformes","Gobiidae","Rhinogobius",3,"12.0-24.3",""
"Rhinogobius flumineus","Perciformes","Gobiidae","Rhinogobius",39,"24.1-54.4","SL→DW, SL→WW, HL→DW, HL→WW, CD→DW, CD→WW, WW→DW"
"Rhinogobius giurinus","Perciformes","Gobiidae","Rhinogobius",26,"24.1-67.3","SL→DW, SL→WW, HL→DW, HL→WW, CD→DW, CD→WW, WW→DW"
"Rhinogobius nagoyae","Perciformes","Gobiidae","Rhinogobius",23,"30.5-52.2","SL→DW, SL→WW, HL→WW, CD→DW, CD→WW, WW→DW"
"Rhinogobius sp.","Perciformes","Gobiidae","Rhinogobius",4,"25.5-47.2",""
"Sicyopterus japonicus","Perciformes","Gobiidae","Sicyopterus",15,"45.9-72.5","SL→DW, SL→WW, HL→DW, HL→WW, CD→DW, CD→WW, WW→DW"
"Tridentiger brevispinis","Perciformes","Gobiidae","Tridentiger",42,"27.5-86.4","SL→DW, SL→WW, HL→DW, HL→WW, CD→DW, CD→WW, WW→DW"
"Lateolabrax japonicus","Perciformes","Lateolabracidae","Lateolabrax",4,"46.7-69.4",""
"Odontobutis obscura","Perciformes","Odontobutidae","Odontobutis",20,"28.6-120.8","SL→DW, SL→WW, HL→DW, HL→WW, CD→DW, CD→WW, WW→DW"
"Coreoperca kawamebari","Perciformes","Sinipercidae","Coreoperca",16,"19.6-79.0","SL→DW, SL→WW, HL→DW, HL→WW, CD→DW, CD→WW, WW→DW"
"Oreochromis niloticus","Cichliformes","Cichlidae","Oreochromis",15,"18.0-44.6","SL→DW, SL→WW, HL→DW, HL→WW, CD→DW, CD→WW, WW→DW"
"Takifugu niphobles","Tetraodontiformes","Tetraodontidae","Takifugu",5,"24.3-31.9",""
