"Taxon","lna","b","R-square"
"Carassius sp",-3.789,2.633,0.998
"Cyprinus carpio",-3.694,2.725,0.992
"Acheilognathus rhombeus",-3.635,2.732,0.982
"Rhodeus ocellatus",-3.391,2.559,0.891
"Tanakia limbata",-5.586,3.773,0.874
"Hemibarbus barbus",-4.77,3.362,0.988
"Abbottina rivularis",-4.075,3.029,0.961
"Pseudogobio esocinus",-3.717,3.044,0.983
"Squalidus chankaensis",-3.69,2.908,0.899
"Sarcocheilichthys variegatus",-4.074,2.903,0.943
"Pseudorasbora parva",-3.819,2.678,0.967
"Pungtungia herzi",-4.903,3.109,0.983
"Nipponocypris sieboldii",-4.179,3.255,0.94
"Nipponocypris temminckii",-4.013,3.064,0.94
"Opsariichthys platypus",-4.011,2.966,0.959
"Opsariichthys uncirostris",-5.254,3.575,0.946
"Rhynchocypris lagowskii",-4.49,3.095,0.949
"Rhynchocypris oxycephalus",-4.15,2.742,0.976
"Tribolodon hakonensis",-3.746,2.892,0.946
"Misgurnus sp.",-4.009,2.594,0.976
"Cobitis sp",-3.892,2.543,0.963
"Lefua echigonia",-4.23,2.633,0.969
"Barbatula barbatula",-3.56,2.656,0.955
"Silurus asotus",-1.39,2.319,0.896
"Tachysurus nudiceps",-3.756,3.118,0.977
"Tachysurus tokiensis",-3.652,2.811,0.969
"Liobagrus reinii",-5.295,2.891,0.967
"Salvelinus leucomaenis",-3.06,2.513,0.942
"Oncorhynchus masou",-3.514,2.835,0.92
"Plecoglossus altivelis",-3.162,2.865,0.974
"Pungitius tymensis",-1.258,2.635,0.86
"Mugil cephalus",-3.48,2.901,0.886
"Oryzias latipes",-3.977,2.691,0.962
"Gambusia affinis",-5.209,3.135,0.934
"Odontobutis obscura",-3.944,2.833,0.96
"Eleotris oxycephala",-3.887,2.792,0.997
"Acanthogobius flavimanus",-3.922,2.967,0.984
"Gymnogobius urotaenia",-4.369,3.037,0.991
"Tridentiger brevispinis",-4.08,2.798,0.96
"Rhinogobius flumineus",-3.832,2.693,0.899
"Rhinogobius giurinus",-3.892,2.809,0.953
"Rhinogobius nagoyae",-3.251,2.306,0.832
"Sicyopterus japonicus",-4.12,2.694,0.863
"Lepomis macrochirus",-3.94,2.828,0.984
"Micropterus nigricans",-4.035,2.891,0.996
"Coreoperca kawamebari",-4.493,3.116,0.982
"Cottus nozawae",-3.181,3.214,0.909
"Cottus pollux",-3.319,2.845,0.968
"Rheopresbe kazika",-2.679,2.72,0.967
"Oreochromis niloticus",-3.694,2.605,0.945
