"Taxon","lna","b","R-square"
"Lethenteron sp.",-12.493,2.808,0.966
"Anguilla japonica",-13.582,2.978,0.976
"Carassius sp",-10.776,3.071,0.999
"Cyprinus carpio",-11.195,3.171,0.996
"Acheilognathus rhombeus",-11.48,3.227,0.988
"Rhodeus ocellatus",-12.28,3.492,0.982
"Tanakia limbata",-12.319,3.451,0.979
"Hemibarbus barbus",-11.137,2.981,0.996
"Abbottina rivularis",-10.676,2.922,0.995
"Biwia zezera",-11.577,3.098,0.97
"Pseudogobio esocinus",-11.612,3.058,0.995
"Squalidus chankaensis",-11.91,3.195,0.983
"Squalidus gracilis",-10.287,2.821,0.95
"Sarcocheilichthys variegatus",-11.52,3.134,0.988
"Pseudorasbora parva",-11.976,3.241,0.998
"Pungtungia herzi",-12.104,3.243,0.992
"Gnathopogon elongatus",-11.411,3.11,0.972
"Nipponocypris sieboldii",-11.636,3.165,0.99
"Nipponocypris temminckii",-11.218,3.058,0.991
"Opsariichthys platypus",-11.767,3.096,0.996
"Opsariichthys uncirostris",-10.173,2.845,0.952
"Rhynchocypris lagowskii",-11.472,3.105,0.995
"Rhynchocypris oxycephalus",-11.567,3.113,0.995
"Tribolodon hakonensis",-11.125,2.989,0.998
"Misgurnus sp.",-13.012,3.259,0.969
"Cobitis biwae",-12.975,3.274,0.936
"Cobitis sp",-12.76,3.231,0.978
"Niwaella delicata",-12.436,3.071,0.882
"Lefua echigonia",-12.452,3.252,0.989
"Barbatula barbatula",-11.417,2.974,0.99
"Silurus asotus",-10.337,2.741,0.997
"Tachysurus nudiceps",-11.202,3.023,0.995
"Tachysurus tokiensis",-11.297,3.047,0.986
"Liobagrus reinii",-11.559,3.029,0.994
"Salvelinus leucomaenis",-11.183,3.04,0.996
"Oncorhynchus masou",-12.058,3.266,0.976
"Plecoglossus altivelis",-12.622,3.313,0.995
"Gasterosteus sp.",-12.656,3.391,0.87
"Pungitius sp.",-11.316,2.946,0.983
"Pungitius tymensis",-11.831,3.163,0.991
"Monopterus albus",-13.272,2.891,0.981
"Mugil cephalus",-10.674,2.956,0.961
"Oryzias latipes",-10.857,3.008,0.981
"Gambusia affinis",-11.206,3.093,0.977
"Odontobutis obscura",-10.008,2.87,0.994
"Eleotris oxycephala",-11.701,3.18,0.998
"Acanthogobius flavimanus",-10.799,2.913,0.998
"Gymnogobius urotaenia",-12.534,3.346,0.995
"Gymnogobius sp.",-12.772,3.483,0.938
"Tridentiger brevispinis",-10.627,2.939,0.983
"Rhinogobius flumineus",-10.725,2.917,0.973
"Rhinogobius giurinus",-11.602,3.165,0.984
"Rhinogobius nagoyae",-11.022,3.02,0.919
"Sicyopterus japonicus",-11.182,3.065,0.959
"Lepomis macrochirus",-11.206,3.225,0.984
"Micropterus nigricans",-11.098,3.11,0.996
"Coreoperca kawamebari",-11.544,3.268,0.997
"Cottus nozawae",-12.611,3.452,0.993
"Cottus pollux",-11.788,3.217,0.994
"Rheopresbe kazika",-11.178,3.11,0.99
"Oreochromis niloticus",-10.444,3.04,0.992
