"Taxon","lna","b","R-square"
"Lethenteron sp.",-1.87,1.115,0.979
"Anguilla japonica",-1.473,1.029,0.997
"Carassius sp",-1.62,1.072,0.999
"Cyprinus carpio",-1.751,1.03,1
"Acheilognathus rhombeus",-1.437,1.008,0.98
"Rhodeus ocellatus",-1.41,1.055,0.995
"Tanakia limbata",-1.287,0.902,0.996
"Hemibarbus barbus",-1.641,1.057,0.998
"Abbottina rivularis",-1.465,1.034,0.991
"Biwia zezera",-1.519,1.097,0.986
"Pseudogobio esocinus",-1.586,1.016,0.999
"Squalidus chankaensis",-1.56,1.01,0.968
"Squalidus gracilis",-1.458,0.937,0.944
"Sarcocheilichthys variegatus",-1.416,1.027,0.985
"Pseudorasbora parva",-1.44,1.052,0.997
"Pungtungia herzi",-1.288,1.007,0.991
"Gnathopogon elongatus",-1.556,1.094,0.991
"Nipponocypris sieboldii",-1.778,1.19,0.995
"Nipponocypris temminckii",-1.53,1.006,0.985
"Opsariichthys platypus",-1.524,1.054,0.995
"Opsariichthys uncirostris",-1.478,1.008,0.968
"Rhynchocypris lagowskii",-1.496,1.033,0.997
"Rhynchocypris oxycephalus",-1.496,0.967,0.999
"Tribolodon hakonensis",-1.668,1.052,0.999
"Misgurnus sp.",-1.353,0.967,0.997
"Cobitis biwae",-1.496,1.061,0.988
"Cobitis sp",-1.491,0.982,0.995
"Niwaella delicata",-1.457,1.16,0.974
"Lefua echigonia",-1.208,1.014,0.992
"Barbatula barbatula",-1.767,1.095,0.996
"Silurus asotus",-1.999,1.101,0.991
"Tachysurus nudiceps",-1.639,1.064,0.989
"Tachysurus tokiensis",-1.774,1.047,0.996
"Liobagrus reinii",-1.586,1.047,0.995
"Salvelinus leucomaenis",-1.939,1.087,0.996
"Oncorhynchus masou",-1.981,1.136,0.99
"Plecoglossus altivelis",-1.943,1.111,0.99
"Gasterosteus sp.",-1.273,1.066,0.922
"Pungitius sp.",-1.422,1.188,0.985
"Pungitius tymensis",-1.614,1.026,0.993
"Monopterus albus",-1.477,1.01,0.999
"Mugil cephalus",-1.732,0.998,0.968
"Oryzias latipes",-1.329,1.104,0.994
"Gambusia affinis",-1.247,1.056,0.997
"Odontobutis obscura",-1.623,1.041,0.992
"Eleotris oxycephala",-1.465,0.994,1
"Acanthogobius flavimanus",-1.724,1.084,0.998
"Gymnogobius urotaenia",-1.637,1.054,0.997
"Gymnogobius sp.",-1.65,0.998,0.992
"Tridentiger brevispinis",-1.463,1.001,0.997
"Rhinogobius flumineus",-1.437,1.015,0.991
"Rhinogobius giurinus",-1.398,1.069,0.993
"Rhinogobius nagoyae",-1.441,1.026,0.992
"Sicyopterus japonicus",-1.358,0.917,0.988
"Lepomis macrochirus",-1.429,1.012,0.999
"Micropterus nigricans",-1.641,1.053,0.998
"Coreoperca kawamebari",-1.375,1.031,0.999
"Cottus nozawae",-1.616,0.996,0.997
"Cottus pollux",-1.451,1.048,0.996
"Rheopresbe kazika",-1.493,1.051,0.999
"Oreochromis niloticus",-1.543,1.067,0.993
