"Taxon","lna","b","R-square"
"Lethenteron sp.",-15.599,3.085,0.918
"Anguilla japonica",-15.431,3.061,0.971
"Carassius sp",-13.166,3.29,0.997
"Cyprinus carpio",-13.29,3.269,0.996
"Acheilognathus rhombeus",-13.093,3.274,0.98
"Rhodeus ocellatus",-14.318,3.671,0.97
"Tanakia limbata",-12.358,3.101,0.968
"Hemibarbus barbus",-13.407,3.149,0.993
"Abbottina rivularis",-12.501,3.021,0.986
"Biwia zezera",-14.299,3.42,0.969
"Pseudogobio esocinus",-13.373,3.104,0.992
"Squalidus chankaensis",-13.729,3.262,0.972
"Squalidus gracilis",-11.268,2.686,0.927
"Sarcocheilichthys variegatus",-13.196,3.206,0.966
"Pseudorasbora parva",-14.047,3.411,0.997
"Pungtungia herzi",-13.511,3.274,0.989
"Gnathopogon elongatus",-14.119,3.421,0.974
"Nipponocypris sieboldii",-15.714,3.788,0.996
"Nipponocypris temminckii",-12.809,3.075,0.976
"Opsariichthys platypus",-13.929,3.263,0.991
"Opsariichthys uncirostris",-11.716,2.865,0.92
"Rhynchocypris lagowskii",-13.387,3.219,0.998
"Rhynchocypris oxycephalus",-12.684,3.011,0.994
"Tribolodon hakonensis",-13.357,3.141,0.995
"Misgurnus sp.",-13.924,3.15,0.963
"Cobitis biwae",-15.15,3.448,0.91
"Cobitis sp",-14.038,3.178,0.975
"Niwaella delicata",-15.584,3.493,0.826
"Lefua echigonia",-13.865,3.306,0.985
"Barbatula barbatula",-14.253,3.253,0.983
"Silurus asotus",-13.423,3.028,0.995
"Tachysurus nudiceps",-13.522,3.208,0.98
"Tachysurus tokiensis",-13.565,3.18,0.976
"Liobagrus reinii",-13.665,3.166,0.985
"Salvelinus leucomaenis",-14.102,3.306,0.994
"Oncorhynchus masou",-15.672,3.709,0.965
"Plecoglossus altivelis",-16.07,3.704,0.996
"Pungitius sp.",-14.868,3.501,0.969
"Pungitius tymensis",-13.757,3.246,0.985
"Monopterus albus",-14.832,2.911,0.975
"Mugil cephalus",-12.698,3.027,0.979
"Oryzias latipes",-13.337,3.328,0.98
"Gambusia affinis",-13.11,3.276,0.98
"Odontobutis obscura",-12.042,2.988,0.986
"Eleotris oxycephala",-13.098,3.161,0.998
"Acanthogobius flavimanus",-13.446,3.162,0.999
"Gymnogobius urotaenia",-14.864,3.531,0.994
"Gymnogobius sp.",-14.421,3.483,0.935
"Tridentiger brevispinis",-12.091,2.94,0.979
"Rhinogobius flumineus",-12.339,2.965,0.967
"Rhinogobius giurinus",-13.827,3.391,0.981
"Rhinogobius nagoyae",-12.84,3.123,0.925
"Sicyopterus japonicus",-11.555,2.796,0.939
"Lepomis macrochirus",-12.764,3.263,0.981
"Micropterus nigricans",-13.351,3.28,0.997
"Coreoperca kawamebari",-13.265,3.366,0.995
"Cottus nozawae",-14.203,3.444,0.994
"Cottus pollux",-13.827,3.377,0.993
"Rheopresbe kazika",-13.23,3.266,0.987
"Oreochromis niloticus",-12.707,3.249,0.989
