"Taxon","lna","b","R-square"
"Carassius sp",-5.684,2.824,0.998
"Cyprinus carpio",-5.56,2.809,0.992
"Acheilognathus rhombeus",-5.067,2.736,0.949
"Rhodeus ocellatus",-4.927,2.655,0.858
"Tanakia limbata",-6.311,3.392,0.864
"Hemibarbus barbus",-6.691,3.558,0.989
"Abbottina rivularis",-5.691,3.139,0.957
"Pseudogobio esocinus",-5.374,3.099,0.987
"Squalidus chankaensis",-5.34,2.971,0.889
"Sarcocheilichthys variegatus",-5.669,3.017,0.952
"Pseudorasbora parva",-5.468,2.824,0.969
"Pungtungia herzi",-6.242,3.14,0.981
"Nipponocypris sieboldii",-6.68,3.833,0.917
"Nipponocypris temminckii",-5.628,3.113,0.945
"Opsariichthys platypus",-5.749,3.124,0.953
"Opsariichthys uncirostris",-6.648,3.558,0.893
"Rhynchocypris lagowskii",-6.147,3.206,0.951
"Rhynchocypris oxycephalus",-5.513,2.653,0.976
"Tribolodon hakonensis",-5.62,3.048,0.949
"Misgurnus sp.",-5.229,2.508,0.972
"Cobitis sp",-5.327,2.509,0.967
"Lefua echigonia",-5.517,2.687,0.973
"Barbatula barbatula",-5.688,2.924,0.96
"Silurus asotus",-3.438,2.495,0.848
"Tachysurus nudiceps",-5.588,3.292,0.953
"Tachysurus tokiensis",-5.604,2.948,0.969
"Liobagrus reinii",-7.132,3.028,0.962
"Salvelinus leucomaenis",-5.273,2.735,0.941
"Oncorhynchus masou",-6.053,3.262,0.934
"Plecoglossus altivelis",-5.495,3.203,0.976
"Pungitius tymensis",-2.905,2.704,0.854
"Mugil cephalus",-5.471,3.052,0.953
"Oryzias latipes",-5.718,2.97,0.956
"Gambusia affinis",-6.761,3.323,0.939
"Odontobutis obscura",-5.779,2.979,0.972
"Eleotris oxycephala",-5.329,2.776,0.997
"Acanthogobius flavimanus",-5.984,3.221,0.985
"Gymnogobius urotaenia",-6.249,3.205,0.99
"Tridentiger brevispinis",-5.542,2.797,0.954
"Rhinogobius flumineus",-5.331,2.737,0.893
"Rhinogobius giurinus",-5.548,2.996,0.942
"Rhinogobius nagoyae",-4.819,2.395,0.845
"Sicyopterus japonicus",-5.08,2.441,0.833
"Lepomis macrochirus",-5.413,2.861,0.981
"Micropterus nigricans",-5.9,3.049,0.997
"Coreoperca kawamebari",-5.997,3.206,0.978
"Cottus nozawae",-4.799,3.21,0.911
"Cottus pollux",-4.934,2.985,0.966
"Rheopresbe kazika",-4.314,2.864,0.968
"Oreochromis niloticus",-5.474,2.771,0.933
