Taxon,Order,Family,Genus
Lethenteron sp.,Petromyzontiformes,Petromyzontidae,Lethenteron
Anguilla japonica,Anguilliformes,Anguillidae,Anguilla
Carassius cuvieri,Cypriniformes,Cyprinidae,Carassius
Carassius sp,Cypriniformes,Cyprinidae,Carassius
Cyprinus carpio,Cypriniformes,Cyprinidae,Cyprinus
Acheilognathus rhombeus,Cypriniformes,Cyprinidae,Acheilognathus
Rhodeus ocellatus,Cypriniformes,Cyprinidae,Rhodeus
Tanakia lanceolata,Cypriniformes,Cyprinidae,Tanakia
Tanakia limbata,Cypriniformes,Cyprinidae,Tanakia
Hemibarbus barbus,Cypriniformes,Cyprinidae,Hemibarbus
Hemibarbus longirostris,Cypriniformes,Cyprinidae,Hemibarbus
Abbottina rivularis,Cypriniformes,Cyprinidae,Abbottina
Biwia zezera,Cypriniformes,Cyprinidae,Biwia
Pseudogobio esocinus,Cypriniformes,Cyprinidae,Pseudogobio
Squalidus chankaensis,Cypriniformes,Cyprinidae,Squalidus
Squalidus gracilis,Cypriniformes,Cyprinidae,Squalidus
Sarcocheilichthys variegatus,Cypriniformes,Cyprinidae,Sarcocheilichthys
Pseudorasbora parva,Cypriniformes,Cyprinidae,Pseudorasbora
Pungtungia herzi,Cypriniformes,Cyprinidae,Pungtungia
Gnathopogon elongatus,Cypriniformes,Cyprinidae,Gnathopogon
Nipponocypris sieboldii,Cypriniformes,Cyprinidae,Nipponocypris
Nipponocypris temminckii,Cypriniformes,Cyprinidae,Nipponocypris
Opsariichthys platypus,Cypriniformes,Cyprinidae,Opsariichthys
Opsariichthys uncirostris,Cypriniformes,Cyprinidae,Opsariichthys
Rhynchocypris lagowskii,Cypriniformes,Cyprinidae,Rhynchocypris
Rhynchocypris oxycephalus,Cypriniformes,Cyprinidae,Rhynchocypris
Tribolodon hakonensis,Cypriniformes,Cyprinidae,Tribolodon
Misgurnus sp.,Cypriniformes,Cobitidae,Misgurnus
Cobitis biwae,Cypriniformes,Cobitidae,Cobitis
Cobitis sp,Cypriniformes,Cobitidae,Cobitis
Niwaella delicata,Cypriniformes,Cobitidae,Niwaella
Lefua echigonia,Cypriniformes,Balitoridae,Lefua
Barbatula barbatula,Cypriniformes,Balitoridae,Barbatula
Silurus asotus,Siluriformes,Siluridae,Silurus
Tachysurus nudiceps,Siluriformes,Bagridae,Tachysurus
Tachysurus tokiensis,Siluriformes,Bagridae,Tachysurus
Liobagrus reinii,Siluriformes,Amblycipitidae,Liobagrus
Salvelinus leucomaenis,Salmoniformes,Salmonidae,Salvelinus
Oncorhynchus masou,Salmoniformes,Salmonidae,Oncorhynchus
Plecoglossus altivelis,Osmeriformes,Osmeridae,Plecoglossus
Gasterosteus sp.,Gasterosteiformes,Gasterosteidae,Gasterosteus
Pungitius sp.,Gasterosteiformes,Gasterosteidae,Pungitius
Pungitius tymensis,Gasterosteiformes,Gasterosteidae,Pungitius
Monopterus albus,Synbranchiformes,Synbranchidae,Monopterus
Mugil cephalus,Mugiliformes,Mugilidae,Mugil
Chelon affinis,Mugiliformes,Mugilidae,Chelon
Oryzias latipes,Beloniformes,Adrianichthyidae,Oryzias
Gambusia affinis,Cyprinodontiformes,Poeciliidae,Gambusia
Odontobutis obscura,Perciformes,Odontobutidae,Odontobutis
Eleotris oxycephala,Perciformes,Eleotridae,Eleotris
Acanthogobius flavimanus,Perciformes,Gobiidae,Acanthogobius
Gymnogobius petschiliensis,Perciformes,Gobiidae,Gymnogobius
Gymnogobius urotaenia,Perciformes,Gobiidae,Gymnogobius
Gymnogobius castaneus,Perciformes,Gobiidae,Gymnogobius
Gymnogobius sp.,Perciformes,Gobiidae,Gymnogobius
Tridentiger brevispinis,Perciformes,Gobiidae,Tridentiger
Rhinogobius brunneus,Perciformes,Gobiidae,Rhinogobius
Rhinogobius flumineus,Perciformes,Gobiidae,Rhinogobius
Rhinogobius giurinus,Perciformes,Gobiidae,Rhinogobius
Rhinogobius nagoyae,Perciformes,Gobiidae,Rhinogobius
Rhinogobius sp.,Perciformes,Gobiidae,Rhinogobius
Luciogobius guttatus,Perciformes,Gobiidae,Luciogobius
Sicyopterus japonicus,Perciformes,Gobiidae,Sicyopterus
Channa argus,Perciformes,Channidae,Channa
Lepomis macrochirus,Perciformes,Centrarchidae,Lepomis
Micropterus nigricans,Perciformes,Centrarchidae,Micropterus
Coreoperca kawamebari,Perciformes,Sinipercidae,Coreoperca
Cottus nozawae,Perciformes,Cottidae,Cottus
Cottus pollux,Perciformes,Cottidae,Cottus
Rheopresbe kazika,Perciformes,Cottidae,Rheopresbe
Lateolabrax japonicus,Perciformes,Lateolabracidae,Lateolabrax
Oreochromis niloticus,Cichliformes,Cichlidae,Oreochromis
Takifugu niphobles,Tetraodontiformes,Tetraodontidae,Takifugu